d,o,h,l,c,v,ma5,ma20,ma60
2025-04-01,927.0,946.0,925.0,942.0,24769306,952.2,974.85,1051.03
2025-04-02,949.0,952.0,938.0,942.0,17304164,943.2,970.7,1048.65
2025-04-07,848.0,848.0,848.0,848.0,15207852,920.8,962.35,1044.62
2025-04-08,797.0,843.0,797.0,817.0,90688917,893.4,953.2,1040.15
2025-04-09,809.0,826.0,780.0,792.0,97266929,868.2,942.95,1035.35
2025-04-10,863.0,863.0,863.0,863.0,11145732,852.4,937.55,1032.07
2025-04-11,848.0,885.0,836.0,884.0,57751209,840.8,932.65,1028.8
2025-04-14,895.0,903.0,867.0,868.0,52671076,844.8,927.5,1024.52
2025-04-15,874.0,879.0,865.0,878.0,20902553,857.0,923.25,1020.15
2025-04-16,867.0,869.0,852.0,856.0,35618662,869.8,917.5,1015.92
2025-04-17,849.0,856.0,842.0,851.0,24180099,867.4,911.6,1011.68
2025-04-18,853.0,858.0,850.0,851.0,15121768,860.8,906.55,1007.37
2025-04-21,844.0,847.0,832.0,834.0,16914787,854.0,899.15,1003.27
2025-04-22,826.0,829.0,818.0,822.0,21602970,842.8,891.6,998.97
2025-04-23,853.0,870.0,848.0,866.0,25436286,844.8,886.25,995.65
2025-04-24,886.0,886.0,859.0,863.0,19736676,847.2,879.8,991.62
2025-04-25,900.0,901.0,886.0,888.0,23722090,854.6,874.85,987.83
2025-04-28,898.0,898.0,893.0,896.0,13485452,867.0,871.65,984.02
2025-04-29,897.0,902.0,893.0,900.0,18887619,882.6,868.95,980.27
2025-04-30,901.0,908.0,899.0,905.0,39018808,890.4,868.3,976.35
2025-05-02,938.0,945.0,932.0,945.0,134113748,906.8,868.45,974.18
2025-05-05,956.0,957.0,923.0,937.0,312373670,916.6,868.2,971.63
2025-05-06,916.0,930.0,916.0,924.0,213774496,922.2,872.0,968.53
2025-05-07,925.0,932.0,911.0,920.0,215531685,926.2,877.15,965.45
2025-05-08,933.0,939.0,928.0,933.0,175360210,931.8,884.2,962.33
2025-05-09,938.0,949.0,934.0,949.0,287563140,932.6,888.5,959.73
2025-05-12,954.0,962.0,952.0,956.0,166915250,936.4,892.1,957.17
2025-05-13,990.0,990.0,972.0,973.0,278561790,946.2,897.35,954.97
2025-05-14,990.0,997.0,988.0,997.0,328181350,961.6,903.3,953.5
2025-05-15,1000.0,1000.0,993.0,995.0,162019420,974.0,910.25,952.33
2025-05-16,991.0,996.0,989.0,995.0,115861720,983.2,917.45,950.83
2025-05-19,993.0,994.0,980.0,983.0,155956780,988.6,924.05,949.05
2025-05-20,991.0,994.0,978.0,980.0,139469430,990.0,931.35,947.22
2025-05-21,986.0,999.0,983.0,998.0,199686720,990.2,940.15,945.85
2025-05-22,988.0,988.0,979.0,982.0,126438710,987.6,945.95,944.05
2025-05-23,993.0,993.0,975.0,980.0,157759340,984.6,951.8,942.47
2025-05-26,975.0,984.0,975.0,977.0,150476170,983.4,956.25,941.17
2025-05-27,971.0,975.0,961.0,964.0,208518740,980.2,959.65,939.57
2025-05-28,984.0,985.0,967.0,975.0,184977320,975.6,963.4,938.32
2025-05-29,986.0,986.0,967.0,970.0,278051322,973.2,966.65,937.65
2025-06-02,958.0,961.0,946.0,949.0,238654680,967.0,966.85,936.72
2025-06-03,960.0,965.0,953.0,954.0,158937090,962.4,967.7,935.53
2025-06-04,974.0,987.0,970.0,986.0,282608140,966.8,970.8,935.05
2025-06-05,1000.0,1000.0,991.0,993.0,173872760,970.4,974.45,934.93
2025-06-06,997.0,997.0,991.0,993.0,100215040,975.0,977.45,934.87
2025-06-09,1005.0,1010.0,1000.0,1005.0,170423210,986.2,980.25,935.43
2025-06-10,1025.0,1050.0,1020.0,1045.0,416592010,1004.4,984.7,936.48
2025-06-11,1065.0,1070.0,1055.0,1065.0,252120770,1020.2,989.3,938.05
2025-06-12,1055.0,1060.0,1045.0,1050.0,210956690,1031.6,991.95,939.5
2025-06-13,1040.0,1040.0,1025.0,1025.0,216049430,1038.0,993.45,940.4
2025-06-16,1030.0,1030.0,1015.0,1025.0,190858200,1042.0,994.95,941.33
2025-06-17,1040.0,1050.0,1035.0,1040.0,203950520,1041.0,997.8,942.8
2025-06-18,1040.0,1055.0,1030.0,1055.0,364825930,1039.0,1001.55,944.02
2025-06-19,1045.0,1045.0,1030.0,1035.0,203573780,1036.0,1003.4,945.05
2025-06-20,1030.0,1040.0,1025.0,1035.0,168096320,1038.0,1006.05,946.08
2025-06-23,1025.0,1030.0,1015.0,1030.0,272301160,1039.0,1008.55,946.72
2025-06-24,1045.0,1050.0,1040.0,1050.0,193892660,1041.0,1012.2,947.77
2025-06-25,1060.0,1070.0,1055.0,1070.0,328515350,1044.0,1017.5,949.6
2025-06-26,1075.0,1080.0,1065.0,1070.0,278959430,1051.0,1022.25,951.53
2025-06-27,1070.0,1075.0,1060.0,1070.0,252003620,1058.0,1027.25,954.07
2025-06-30,1075.0,1080.0,1070.0,1075.0,129131632,1067.0,1033.55,956.28
2025-07-01,1080.0,1095.0,1075.0,1085.0,226086012,1074.0,1040.1,958.67
2025-07-02,1075.0,1080.0,1070.0,1075.0,83162930,1075.0,1044.55,962.45
2025-07-03,1105.0,1105.0,1090.0,1095.0,125669604,1080.0,1049.65,967.08
2025-07-04,1095.0,1100.0,1080.0,1080.0,52637807,1082.0,1054.0,971.88
2025-07-07,1080.0,1085.0,1070.0,1075.0,12028939,1082.0,1057.5,975.42
2025-07-08,1070.0,1075.0,1065.0,1065.0,16501856,1078.0,1058.5,978.43
2025-07-09,1070.0,1090.0,1065.0,1080.0,14132629,1079.0,1059.25,981.97
2025-07-10,1095.0,1100.0,1090.0,1095.0,14117977,1079.0,1061.5,985.58
2025-07-11,1095.0,1100.0,1090.0,1100.0,14659012,1083.0,1065.25,989.65
2025-07-14,1100.0,1100.0,1085.0,1090.0,18510248,1086.0,1068.5,993.63
2025-07-15,1095.0,1115.0,1090.0,1110.0,41171583,1095.0,1072.0,997.95
2025-07-16,1120.0,1130.0,1120.0,1130.0,22846046,1105.0,1075.75,1002.88
2025-07-17,1130.0,1135.0,1115.0,1125.0,22757734,1111.0,1080.25,1007.93
2025-07-18,1155.0,1160.0,1145.0,1150.0,30983321,1121.0,1086.0,1012.67
2025-07-21,1145.0,1150.0,1135.0,1150.0,19946386,1133.0,1092.0,1017.45
2025-07-22,1145.0,1160.0,1130.0,1135.0,42047764,1138.0,1096.25,1021.57
2025-07-23,1140.0,1145.0,1135.0,1140.0,22148266,1140.0,1099.75,1025.63
2025-07-24,1150.0,1155.0,1145.0,1145.0,7604108,1144.0,1103.5,1029.72
2025-07-25,1150.0,1155.0,1140.0,1140.0,16001296,1142.0,1107.0,1033.63
2025-07-28,1155.0,1160.0,1145.0,1150.0,9786474,1142.0,1110.75,1037.05
2025-07-29,1145.0,1145.0,1125.0,1135.0,26280922,1142.0,1113.25,1040.35
2025-07-30,1150.0,1160.0,1145.0,1145.0,28342384,1143.0,1116.75,1044.03
2025-07-31,1160.0,1165.0,1155.0,1160.0,19549993,1146.0,1120.0,1048.03
2025-08-01,1145.0,1150.0,1130.0,1140.0,34454714,1146.0,1123.0,1051.48
2025-08-04,1130.0,1135.0,1125.0,1135.0,17983852,1143.0,1126.0,1054.58
2025-08-05,1145.0,1150.0,1140.0,1150.0,10684995,1146.0,1130.25,1057.82
2025-08-06,1130.0,1135.0,1125.0,1125.0,15715708,1142.0,1132.5,1060.35
2025-08-07,1160.0,1180.0,1155.0,1180.0,44965558,1146.0,1136.75,1063.4
2025-08-08,1180.0,1185.0,1170.0,1170.0,20184970,1152.0,1140.25,1066.32
2025-08-11,1170.0,1195.0,1165.0,1185.0,31120342,1162.0,1145.0,1069.48
2025-08-12,1180.0,1190.0,1170.0,1185.0,22736946,1169.0,1148.75,1072.85
2025-08-13,1185.0,1200.0,1185.0,1200.0,31187448,1184.0,1152.25,1076.52
2025-08-14,1185.0,1190.0,1175.0,1180.0,25432513,1184.0,1155.0,1079.55
2025-08-15,1175.0,1185.0,1170.0,1175.0,15840994,1185.0,1156.25,1082.77
2025-08-18,1170.0,1185.0,1170.0,1180.0,11376656,1184.0,1157.75,1086.1
2025-08-19,1180.0,1185.0,1175.0,1185.0,11587450,1184.0,1160.25,1089.57
2025-08-20,1165.0,1165.0,1135.0,1135.0,55161354,1171.0,1160.0,1092.42
2025-08-21,1140.0,1155.0,1140.0,1155.0,17244689,1166.0,1160.5,1095.42
2025-08-22,1155.0,1155.0,1140.0,1140.0,11788158,1159.0,1160.5,1098.25
2025-08-25,1165.0,1180.0,1160.0,1170.0,20558293,1157.0,1161.5,1101.93
2025-08-26,1165.0,1185.0,1160.0,1180.0,17757348,1156.0,1163.75,1105.7
2025-08-27,1190.0,1190.0,1180.0,1185.0,14802131,1166.0,1165.75,1109.02
2025-08-28,1185.0,1185.0,1170.0,1175.0,12389456,1170.0,1166.5,1112.05
2025-08-29,1180.0,1185.0,1165.0,1165.0,10257814,1175.0,1167.75,1114.92
2025-09-01,1150.0,1165.0,1145.0,1155.0,16401974,1172.0,1168.75,1117.42
2025-09-02,1170.0,1175.0,1155.0,1155.0,11453608,1167.0,1169.0,1119.25
2025-09-03,1155.0,1160.0,1145.0,1155.0,14052250,1161.0,1170.5,1120.75
2025-09-04,1170.0,1175.0,1160.0,1160.0,17668987,1158.0,1169.5,1122.58
2025-09-05,1175.0,1180.0,1170.0,1170.0,19400305,1159.0,1169.5,1125.0
2025-09-08,1195.0,1195.0,1180.0,1190.0,21059026,1166.0,1169.75,1127.75
2025-09-09,1195.0,1200.0,1190.0,1200.0,23706537,1175.0,1170.5,1130.42
2025-09-10,1220.0,1230.0,1215.0,1230.0,37459479,1190.0,1172.0,1133.33
2025-09-11,1255.0,1260.0,1235.0,1235.0,28133250,1205.0,1174.75,1136.67
2025-09-12,1255.0,1260.0,1250.0,1260.0,20586790,1223.0,1179.0,1140.42
2025-09-15,1260.0,1260.0,1250.0,1255.0,17125930,1236.0,1182.75,1144.17
2025-09-16,1265.0,1285.0,1260.0,1280.0,27021718,1252.0,1187.5,1148.0
2025-09-17,1270.0,1275.0,1265.0,1265.0,22429693,1259.0,1194.0,1151.25
2025-09-18,1275.0,1280.0,1265.0,1280.0,15593513,1268.0,1200.25,1154.75
2025-09-19,1285.0,1290.0,1270.0,1280.0,16344780,1272.0,1207.25,1158.25
2025-09-22,1270.0,1295.0,1270.0,1295.0,21885839,1280.0,1213.5,1161.92
2025-09-23,1320.0,1340.0,1315.0,1340.0,26703576,1292.0,1221.5,1166.17
2025-09-24,1350.0,1355.0,1325.0,1340.0,30159797,1307.0,1229.25,1170.58
2025-09-25,1320.0,1330.0,1320.0,1325.0,15519983,1316.0,1236.75,1174.42
2025-09-26,1310.0,1315.0,1295.0,1300.0,20230331,1320.0,1243.5,1178.08
2025-09-30,1310.0,1320.0,1310.0,1320.0,18221457,1325.0,1251.75,1182.17
2025-10-01,1325.0,1350.0,1325.0,1330.0,25966484,1323.0,1260.5,1186.58
2025-10-02,1360.0,1370.0,1355.0,1365.0,23473411,1328.0,1271.0,1191.33
2025-10-03,1365.0,1400.0,1365.0,1395.0,24513500,1342.0,1282.75,1196.33
2025-10-07,1420.0,1445.0,1420.0,1440.0,26229620,1370.0,1296.25,1202.0
2025-10-08,1410.0,1420.0,1405.0,1420.0,17459112,1390.0,1307.75,1207.5
2025-10-09,1440.0,1455.0,1430.0,1440.0,29145413,1412.0,1319.75,1213.0
2025-10-13,1390.0,1420.0,1390.0,1420.0,38676333,1423.0,1329.25,1217.83
2025-10-14,1455.0,1460.0,1420.0,1425.0,29585764,1429.0,1338.75,1222.83
2025-10-15,1435.0,1465.0,1425.0,1460.0,30422950,1433.0,1348.75,1228.0
2025-10-16,1465.0,1495.0,1465.0,1490.0,29156947,1447.0,1360.5,1233.67
2025-10-17,1455.0,1465.0,1450.0,1455.0,29068939,1450.0,1369.25,1239.0
2025-10-20,1460.0,1495.0,1455.0,1485.0,26575295,1463.0,1380.25,1244.75
2025-10-21,1485.0,1500.0,1480.0,1485.0,25527918,1475.0,1390.5,1250.42
2025-10-22,1460.0,1470.0,1455.0,1470.0,22568109,1477.0,1400.0,1255.92
2025-10-23,1440.0,1455.0,1435.0,1450.0,17426838,1469.0,1407.75,1260.92
2025-10-27,1500.0,1500.0,1485.0,1490.0,22519298,1476.0,1415.25,1266.83
2025-10-28,1480.0,1490.0,1470.0,1475.0,22157500,1474.0,1422.0,1272.33
2025-10-29,1495.0,1515.0,1490.0,1505.0,25086280,1478.0,1431.0,1278.08
2025-10-30,1515.0,1520.0,1500.0,1505.0,20682730,1485.0,1441.25,1284.17
2025-10-31,1515.0,1525.0,1510.0,1520.0,15151076,1499.0,1451.25,1290.58
2025-11-03,1510.0,1520.0,1490.0,1495.0,24175403,1500.0,1459.5,1296.33
2025-11-04,1520.0,1525.0,1495.0,1500.0,26411047,1505.0,1466.25,1302.58
2025-11-05,1480.0,1485.0,1455.0,1465.0,44167721,1497.0,1469.75,1307.33
2025-11-06,1470.0,1480.0,1470.0,1475.0,19243612,1491.0,1471.5,1312.42
2025-11-07,1460.0,1465.0,1455.0,1460.0,16202103,1479.0,1473.5,1317.0
2025-11-10,1470.0,1485.0,1465.0,1485.0,17601415,1477.0,1475.75,1322.0
2025-11-11,1490.0,1495.0,1465.0,1465.0,17498892,1470.0,1478.0,1326.42
2025-11-12,1470.0,1485.0,1460.0,1485.0,15641716,1474.0,1481.0,1331.5
2025-11-13,1460.0,1470.0,1460.0,1465.0,15088989,1472.0,1481.25,1336.33
2025-11-14,1425.0,1440.0,1425.0,1435.0,20552002,1467.0,1478.5,1340.58
2025-11-17,1450.0,1460.0,1445.0,1450.0,15583300,1460.0,1478.25,1345.0
2025-11-18,1435.0,1435.0,1405.0,1415.0,37852076,1450.0,1474.75,1349.67
2025-11-19,1400.0,1415.0,1395.0,1400.0,27756054,1433.0,1470.5,1353.75
2025-11-20,1450.0,1460.0,1440.0,1460.0,19561442,1432.0,1470.0,1359.08
2025-11-21,1395.0,1405.0,1385.0,1395.0,47459246,1424.0,1467.25,1362.83
2025-11-24,1400.0,1405.0,1380.0,1385.0,39483405,1411.0,1462.0,1366.25
2025-11-25,1425.0,1425.0,1405.0,1415.0,19111329,1411.0,1459.0,1370.08
2025-11-26,1430.0,1435.0,1425.0,1430.0,19822723,1417.0,1455.25,1374.33
2025-11-27,1450.0,1455.0,1430.0,1435.0,17153500,1412.0,1451.75,1378.83
2025-11-28,1440.0,1455.0,1435.0,1455.0,13579896,1424.0,1448.5,1383.83
2025-12-01,1445.0,1445.0,1415.0,1420.0,22317788,1431.0,1444.75,1388.25
2025-12-02,1430.0,1440.0,1420.0,1425.0,15443551,1433.0,1441.0,1392.75
2025-12-03,1440.0,1450.0,1435.0,1445.0,14153700,1436.0,1440.0,1397.5
2025-12-04,1445.0,1450.0,1430.0,1440.0,15168904,1437.0,1438.25,1402.0
2025-12-05,1445.0,1455.0,1440.0,1455.0,15088870,1437.0,1438.0,1406.42
2025-12-08,1465.0,1495.0,1460.0,1495.0,18636942,1452.0,1438.5,1411.33
2025-12-09,1495.0,1500.0,1480.0,1480.0,13806252,1463.0,1439.25,1415.5
2025-12-10,1490.0,1505.0,1485.0,1500.0,17282428,1474.0,1440.0,1419.92
2025-12-11,1510.0,1515.0,1465.0,1465.0,24596445,1479.0,1440.0,1423.33
2025-12-12,1475.0,1485.0,1470.0,1475.0,16472503,1483.0,1442.0,1427.0
2025-12-15,1450.0,1455.0,1445.0,1450.0,19779530,1474.0,1442.0,1429.83
2025-12-16,1435.0,1445.0,1425.0,1445.0,27140809,1467.0,1443.5,1432.83
2025-12-17,1435.0,1445.0,1425.0,1425.0,23934479,1452.0,1444.75,1435.25
2025-12-18,1420.0,1435.0,1415.0,1425.0,24378900,1444.0,1443.0,1437.67
2025-12-19,1455.0,1455.0,1430.0,1435.0,16864830,1436.0,1445.0,1440.0
2025-12-22,1465.0,1470.0,1455.0,1460.0,14924817,1438.0,1448.75,1442.0
2025-12-23,1475.0,1490.0,1470.0,1490.0,16345002,1447.0,1452.5,1444.5
2025-12-24,1495.0,1500.0,1485.0,1495.0,10196762,1461.0,1455.75,1447.33
2025-12-26,1505.0,1510.0,1495.0,1505.0,16858682,1477.0,1459.25,1450.75
2025-12-29,1515.0,1530.0,1510.0,1525.0,19744700,1495.0,1462.75,1454.17
2025-12-30,1515.0,1530.0,1510.0,1530.0,16498612,1509.0,1468.25,1457.5
2025-12-31,1520.0,1550.0,1515.0,1550.0,24636479,1521.0,1474.5,1460.58
2026-01-02,1555.0,1585.0,1545.0,1585.0,29718577,1539.0,1481.5,1463.75
2026-01-05,1630.0,1695.0,1625.0,1665.0,55471669,1571.0,1492.75,1467.5
2026-01-06,1645.0,1700.0,1645.0,1690.0,33564907,1604.0,1504.5,1472.0
2026-01-07,1665.0,1685.0,1665.0,1670.0,37643143,1632.0,1513.25,1475.83
2026-01-08,1660.0,1700.0,1655.0,1695.0,22808689,1661.0,1524.0,1480.42
2026-01-09,1665.0,1700.0,1655.0,1685.0,28968165,1681.0,1533.25,1484.75
2026-01-12,1700.0,1705.0,1690.0,1690.0,23756414,1686.0,1544.5,1488.58
2026-01-13,1720.0,1720.0,1700.0,1710.0,23675790,1690.0,1556.25,1492.25
2026-01-14,1705.0,1715.0,1700.0,1705.0,20494593,1697.0,1569.0,1496.42
2026-01-15,1685.0,1700.0,1680.0,1695.0,28750784,1697.0,1581.5,1499.92
2026-01-16,1735.0,1750.0,1710.0,1745.0,37125295,1709.0,1597.5,1504.25
2026-01-19,1725.0,1780.0,1725.0,1760.0,25446255,1723.0,1614.25,1509.08
2026-01-20,1740.0,1775.0,1740.0,1770.0,23184687,1735.0,1631.0,1514.42
2026-01-21,1745.0,1765.0,1740.0,1745.0,34391349,1743.0,1645.25,1518.67
2026-01-22,1765.0,1770.0,1750.0,1755.0,23568440,1755.0,1658.5,1523.33
2026-01-23,1770.0,1775.0,1750.0,1770.0,19447029,1760.0,1672.25,1527.75
2026-01-26,1765.0,1785.0,1755.0,1755.0,18738628,1759.0,1684.75,1531.92
2026-01-27,1760.0,1785.0,1755.0,1775.0,22158411,1760.0,1697.25,1536.17
2026-01-28,1790.0,1820.0,1790.0,1815.0,20687270,1774.0,1711.5,1541.5
2026-01-29,1830.0,1835.0,1800.0,1805.0,22568242,1784.0,1724.25,1546.58
2026-01-30,1790.0,1800.0,1780.0,1790.0,25313793,1788.0,1734.5,1552.0
2026-02-02,1750.0,1765.0,1745.0,1760.0,25160880,1789.0,1739.25,1556.75
2026-02-03,1810.0,1810.0,1785.0,1800.0,17377456,1794.0,1744.75,1562.42
2026-02-04,1785.0,1805.0,1775.0,1780.0,20808096,1787.0,1750.25,1567.33
2026-02-05,1765.0,1780.0,1760.0,1770.0,20576044,1780.0,1754.0,1572.42
2026-02-06,1745.0,1780.0,1740.0,1770.0,25037594,1776.0,1758.25,1577.17
2026-02-09,1830.0,1835.0,1815.0,1820.0,27027110,1788.0,1764.75,1583.08
2026-02-10,1845.0,1875.0,1840.0,1870.0,32973949,1802.0,1772.75,1590.33
2026-02-11,1880.0,1925.0,1875.0,1920.0,31477909,1830.0,1783.5,1598.17
2026-02-23,1900.0,1935.0,1900.0,1905.0,49285034,1857.0,1794.0,1606.33
2026-02-24,1915.0,1975.0,1915.0,1970.0,30869981,1897.0,1805.25,1615.83
2026-02-25,1995.0,2025.0,1995.0,2005.0,32151112,1934.0,1817.5,1624.92
2026-02-26,2000.0,2010.0,1995.0,2005.0,28457060,1961.0,1829.25,1635.08
2026-03-02,1940.0,1995.0,1940.0,1985.0,32493409,1974.0,1841.25,1645.08
2026-03-03,1970.0,1980.0,1940.0,1945.0,39410506,1982.0,1850.75,1653.92
2026-03-04,1895.0,1910.0,1870.0,1870.0,61284592,1962.0,1855.75,1661.25
2026-03-05,1940.0,1960.0,1895.0,1905.0,37079411,1942.0,1863.25,1669.08
2026-03-06,1880.0,1900.0,1880.0,1885.0,25259564,1918.0,1868.75,1676.25
2026-03-09,1775.0,1810.0,1770.0,1795.0,73266995,1880.0,1867.75,1682.5
2026-03-10,1870.0,1890.0,1830.0,1855.0,33583830,1862.0,1870.25,1689.67
2026-03-11,1885.0,1950.0,1875.0,1940.0,29700492,1876.0,1877.75,1697.92
2026-03-12,1900.0,1915.0,1885.0,1890.0,26150709,1873.0,1884.25,1705.42
2026-03-13,1840.0,1885.0,1840.0,1870.0,25006042,1870.0,1887.75,1712.33
2026-03-16,1875.0,1880.0,1850.0,1855.0,24414311,1882.0,1891.5,1718.33
2026-03-17,1875.0,1880.0,1860.0,1870.0,16475563,1885.0,1896.5,1724.83
2026-03-18,1900.0,1910.0,1890.0,1905.0,17437162,1878.0,1903.25,1731.58
2026-03-19,1875.0,1880.0,1850.0,1855.0,32005876,1871.0,1905.0,1738.08
2026-03-20,1860.0,1870.0,1840.0,1845.0,22236254,1866.0,1903.75,1744.25
2026-03-23,1790.0,1815.0,1785.0,1810.0,29844440,1857.0,1898.25,1750.25
2026-03-24,1850.0,1850.0,1800.0,1825.0,18497198,1848.0,1894.25,1756.58
2026-03-25,1865.0,1875.0,1845.0,1855.0,27450470,1838.0,1888.5,1763.75
2026-03-26,1850.0,1865.0,1840.0,1850.0,15470949,1837.0,1880.75,1770.83
2026-03-27,1805.0,1825.0,1800.0,1820.0,19970174,1832.0,1871.5,1777.25
2026-03-30,1780.0,1800.0,1780.0,1795.0,29270690,1829.0,1862.0,1782.83
2026-03-31,1775.0,1790.0,1760.0,1765.0,39629116,1817.0,1853.0,1787.42
2026-04-01,1840.0,1855.0,1830.0,1850.0,25502109,1816.0,1852.0,1793.33
